id,kode_provinsi,nama_provinsi,kode_kabupaten_kota,nama_kabupaten_kota,garis_kemiskinan,satuan,tahun
1,32,JAWA BARAT,3201,KABUPATEN BOGOR,130927,RUPIAH/KAPITA/BULAN,2004
2,32,JAWA BARAT,3202,KABUPATEN SUKABUMI,111202,RUPIAH/KAPITA/BULAN,2004
3,32,JAWA BARAT,3203,KABUPATEN CIANJUR,121902,RUPIAH/KAPITA/BULAN,2004
4,32,JAWA BARAT,3204,KABUPATEN BANDUNG,133578,RUPIAH/KAPITA/BULAN,2004
5,32,JAWA BARAT,3205,KABUPATEN GARUT,108266,RUPIAH/KAPITA/BULAN,2004
6,32,JAWA BARAT,3206,KABUPATEN TASIKMALAYA,116024,RUPIAH/KAPITA/BULAN,2004
7,32,JAWA BARAT,3207,KABUPATEN CIAMIS,123217,RUPIAH/KAPITA/BULAN,2004
8,32,JAWA BARAT,3208,KABUPATEN KUNINGAN,130531,RUPIAH/KAPITA/BULAN,2004
9,32,JAWA BARAT,3209,KABUPATEN CIREBON,120346,RUPIAH/KAPITA/BULAN,2004
10,32,JAWA BARAT,3210,KABUPATEN MAJALENGKA,122685,RUPIAH/KAPITA/BULAN,2004
11,32,JAWA BARAT,3211,KABUPATEN SUMEDANG,154743,RUPIAH/KAPITA/BULAN,2004
12,32,JAWA BARAT,3212,KABUPATEN INDRAMAYU,159901,RUPIAH/KAPITA/BULAN,2004
13,32,JAWA BARAT,3213,KABUPATEN SUBANG,150674,RUPIAH/KAPITA/BULAN,2004
14,32,JAWA BARAT,3214,KABUPATEN PURWAKARTA,123484,RUPIAH/KAPITA/BULAN,2004
15,32,JAWA BARAT,3215,KABUPATEN KARAWANG,134675,RUPIAH/KAPITA/BULAN,2004
16,32,JAWA BARAT,3216,KABUPATEN BEKASI,114624,RUPIAH/KAPITA/BULAN,2004
17,32,JAWA BARAT,3217,KABUPATEN BANDUNG BARAT,0,RUPIAH/KAPITA/BULAN,2004
18,32,JAWA BARAT,3218,KABUPATEN PANGANDARAN,0,RUPIAH/KAPITA/BULAN,2004
19,32,JAWA BARAT,3271,KOTA BOGOR,168111,RUPIAH/KAPITA/BULAN,2004
20,32,JAWA BARAT,3272,KOTA SUKABUMI,131738,RUPIAH/KAPITA/BULAN,2004
21,32,JAWA BARAT,3273,KOTA BANDUNG,173945,RUPIAH/KAPITA/BULAN,2004
22,32,JAWA BARAT,3274,KOTA CIREBON,126523,RUPIAH/KAPITA/BULAN,2004
23,32,JAWA BARAT,3275,KOTA BEKASI,163385,RUPIAH/KAPITA/BULAN,2004
24,32,JAWA BARAT,3276,KOTA DEPOK,162352,RUPIAH/KAPITA/BULAN,2004
25,32,JAWA BARAT,3277,KOTA CIMAHI,156533,RUPIAH/KAPITA/BULAN,2004
26,32,JAWA BARAT,3278,KOTA TASIKMALAYA,139350,RUPIAH/KAPITA/BULAN,2004
27,32,JAWA BARAT,3279,KOTA BANJAR,96653,RUPIAH/KAPITA/BULAN,2004
28,32,JAWA BARAT,3201,KABUPATEN BOGOR,140968,RUPIAH/KAPITA/BULAN,2005
29,32,JAWA BARAT,3202,KABUPATEN SUKABUMI,132633,RUPIAH/KAPITA/BULAN,2005
30,32,JAWA BARAT,3203,KABUPATEN CIANJUR,130521,RUPIAH/KAPITA/BULAN,2005
31,32,JAWA BARAT,3204,KABUPATEN BANDUNG,137209,RUPIAH/KAPITA/BULAN,2005
32,32,JAWA BARAT,3205,KABUPATEN GARUT,111974,RUPIAH/KAPITA/BULAN,2005
33,32,JAWA BARAT,3206,KABUPATEN TASIKMALAYA,117083,RUPIAH/KAPITA/BULAN,2005
34,32,JAWA BARAT,3207,KABUPATEN CIAMIS,138963,RUPIAH/KAPITA/BULAN,2005
35,32,JAWA BARAT,3208,KABUPATEN KUNINGAN,145233,RUPIAH/KAPITA/BULAN,2005
36,32,JAWA BARAT,3209,KABUPATEN CIREBON,144046,RUPIAH/KAPITA/BULAN,2005
37,32,JAWA BARAT,3210,KABUPATEN MAJALENGKA,160044,RUPIAH/KAPITA/BULAN,2005
38,32,JAWA BARAT,3211,KABUPATEN SUMEDANG,146554,RUPIAH/KAPITA/BULAN,2005
39,32,JAWA BARAT,3212,KABUPATEN INDRAMAYU,152601,RUPIAH/KAPITA/BULAN,2005
40,32,JAWA BARAT,3213,KABUPATEN SUBANG,163748,RUPIAH/KAPITA/BULAN,2005
41,32,JAWA BARAT,3214,KABUPATEN PURWAKARTA,146792,RUPIAH/KAPITA/BULAN,2005
42,32,JAWA BARAT,3215,KABUPATEN KARAWANG,165397,RUPIAH/KAPITA/BULAN,2005
43,32,JAWA BARAT,3216,KABUPATEN BEKASI,160136,RUPIAH/KAPITA/BULAN,2005
44,32,JAWA BARAT,3217,KABUPATEN BANDUNG BARAT,0,RUPIAH/KAPITA/BULAN,2005
45,32,JAWA BARAT,3218,KABUPATEN PANGANDARAN,0,RUPIAH/KAPITA/BULAN,2005
46,32,JAWA BARAT,3271,KOTA BOGOR,169570,RUPIAH/KAPITA/BULAN,2005
47,32,JAWA BARAT,3272,KOTA SUKABUMI,154839,RUPIAH/KAPITA/BULAN,2005
48,32,JAWA BARAT,3273,KOTA BANDUNG,153142,RUPIAH/KAPITA/BULAN,2005
49,32,JAWA BARAT,3274,KOTA CIREBON,162799,RUPIAH/KAPITA/BULAN,2005
50,32,JAWA BARAT,3275,KOTA BEKASI,197057,RUPIAH/KAPITA/BULAN,2005
51,32,JAWA BARAT,3276,KOTA DEPOK,204552,RUPIAH/KAPITA/BULAN,2005
52,32,JAWA BARAT,3277,KOTA CIMAHI,180870,RUPIAH/KAPITA/BULAN,2005
53,32,JAWA BARAT,3278,KOTA TASIKMALAYA,130528,RUPIAH/KAPITA/BULAN,2005
54,32,JAWA BARAT,3279,KOTA BANJAR,106830,RUPIAH/KAPITA/BULAN,2005
55,32,JAWA BARAT,3201,KABUPATEN BOGOR,146710,RUPIAH/KAPITA/BULAN,2006
56,32,JAWA BARAT,3202,KABUPATEN SUKABUMI,139165,RUPIAH/KAPITA/BULAN,2006
57,32,JAWA BARAT,3203,KABUPATEN CIANJUR,141603,RUPIAH/KAPITA/BULAN,2006
58,32,JAWA BARAT,3204,KABUPATEN BANDUNG,152096,RUPIAH/KAPITA/BULAN,2006
59,32,JAWA BARAT,3205,KABUPATEN GARUT,122972,RUPIAH/KAPITA/BULAN,2006
60,32,JAWA BARAT,3206,KABUPATEN TASIKMALAYA,127576,RUPIAH/KAPITA/BULAN,2006
61,32,JAWA BARAT,3207,KABUPATEN CIAMIS,152152,RUPIAH/KAPITA/BULAN,2006
62,32,JAWA BARAT,3208,KABUPATEN KUNINGAN,154250,RUPIAH/KAPITA/BULAN,2006
63,32,JAWA BARAT,3209,KABUPATEN CIREBON,157475,RUPIAH/KAPITA/BULAN,2006
64,32,JAWA BARAT,3210,KABUPATEN MAJALENGKA,185099,RUPIAH/KAPITA/BULAN,2006
65,32,JAWA BARAT,3211,KABUPATEN SUMEDANG,165337,RUPIAH/KAPITA/BULAN,2006
66,32,JAWA BARAT,3212,KABUPATEN INDRAMAYU,173277,RUPIAH/KAPITA/BULAN,2006
67,32,JAWA BARAT,3213,KABUPATEN SUBANG,180577,RUPIAH/KAPITA/BULAN,2006
68,32,JAWA BARAT,3214,KABUPATEN PURWAKARTA,162014,RUPIAH/KAPITA/BULAN,2006
69,32,JAWA BARAT,3215,KABUPATEN KARAWANG,178019,RUPIAH/KAPITA/BULAN,2006
70,32,JAWA BARAT,3216,KABUPATEN BEKASI,172982,RUPIAH/KAPITA/BULAN,2006
71,32,JAWA BARAT,3217,KABUPATEN BANDUNG BARAT,0,RUPIAH/KAPITA/BULAN,2006
72,32,JAWA BARAT,3218,KABUPATEN PANGANDARAN,0,RUPIAH/KAPITA/BULAN,2006
73,32,JAWA BARAT,3271,KOTA BOGOR,185185,RUPIAH/KAPITA/BULAN,2006
74,32,JAWA BARAT,3272,KOTA SUKABUMI,181800,RUPIAH/KAPITA/BULAN,2006
75,32,JAWA BARAT,3273,KOTA BANDUNG,167102,RUPIAH/KAPITA/BULAN,2006
76,32,JAWA BARAT,3274,KOTA CIREBON,164549,RUPIAH/KAPITA/BULAN,2006
77,32,JAWA BARAT,3275,KOTA BEKASI,215245,RUPIAH/KAPITA/BULAN,2006
78,32,JAWA BARAT,3276,KOTA DEPOK,221615,RUPIAH/KAPITA/BULAN,2006
79,32,JAWA BARAT,3277,KOTA CIMAHI,198832,RUPIAH/KAPITA/BULAN,2006
80,32,JAWA BARAT,3278,KOTA TASIKMALAYA,146400,RUPIAH/KAPITA/BULAN,2006
81,32,JAWA BARAT,3279,KOTA BANJAR,113763,RUPIAH/KAPITA/BULAN,2006
82,32,JAWA BARAT,3201,KABUPATEN BOGOR,152483,RUPIAH/KAPITA/BULAN,2007
83,32,JAWA BARAT,3202,KABUPATEN SUKABUMI,145733,RUPIAH/KAPITA/BULAN,2007
84,32,JAWA BARAT,3203,KABUPATEN CIANJUR,152748,RUPIAH/KAPITA/BULAN,2007
85,32,JAWA BARAT,3204,KABUPATEN BANDUNG,167065,RUPIAH/KAPITA/BULAN,2007
86,32,JAWA BARAT,3205,KABUPATEN GARUT,134031,RUPIAH/KAPITA/BULAN,2007
87,32,JAWA BARAT,3206,KABUPATEN TASIKMALAYA,138129,RUPIAH/KAPITA/BULAN,2007
88,32,JAWA BARAT,3207,KABUPATEN CIAMIS,165414,RUPIAH/KAPITA/BULAN,2007
89,32,JAWA BARAT,3208,KABUPATEN KUNINGAN,163317,RUPIAH/KAPITA/BULAN,2007
90,32,JAWA BARAT,3209,KABUPATEN CIREBON,170979,RUPIAH/KAPITA/BULAN,2007
91,32,JAWA BARAT,3210,KABUPATEN MAJALENGKA,210295,RUPIAH/KAPITA/BULAN,2007
92,32,JAWA BARAT,3211,KABUPATEN SUMEDANG,184226,RUPIAH/KAPITA/BULAN,2007
93,32,JAWA BARAT,3212,KABUPATEN INDRAMAYU,194069,RUPIAH/KAPITA/BULAN,2007
94,32,JAWA BARAT,3213,KABUPATEN SUBANG,197500,RUPIAH/KAPITA/BULAN,2007
95,32,JAWA BARAT,3214,KABUPATEN PURWAKARTA,177322,RUPIAH/KAPITA/BULAN,2007
96,32,JAWA BARAT,3215,KABUPATEN KARAWANG,190712,RUPIAH/KAPITA/BULAN,2007
97,32,JAWA BARAT,3216,KABUPATEN BEKASI,185900,RUPIAH/KAPITA/BULAN,2007
98,32,JAWA BARAT,3217,KABUPATEN BANDUNG BARAT,147512,RUPIAH/KAPITA/BULAN,2007
99,32,JAWA BARAT,3218,KABUPATEN PANGANDARAN,0,RUPIAH/KAPITA/BULAN,2007
100,32,JAWA BARAT,3271,KOTA BOGOR,200888,RUPIAH/KAPITA/BULAN,2007
101,32,JAWA BARAT,3272,KOTA SUKABUMI,208913,RUPIAH/KAPITA/BULAN,2007
102,32,JAWA BARAT,3273,KOTA BANDUNG,181142,RUPIAH/KAPITA/BULAN,2007
103,32,JAWA BARAT,3274,KOTA CIREBON,166309,RUPIAH/KAPITA/BULAN,2007
104,32,JAWA BARAT,3275,KOTA BEKASI,233535,RUPIAH/KAPITA/BULAN,2007
105,32,JAWA BARAT,3276,KOTA DEPOK,238774,RUPIAH/KAPITA/BULAN,2007
106,32,JAWA BARAT,3277,KOTA CIMAHI,216894,RUPIAH/KAPITA/BULAN,2007
107,32,JAWA BARAT,3278,KOTA TASIKMALAYA,162362,RUPIAH/KAPITA/BULAN,2007
108,32,JAWA BARAT,3279,KOTA BANJAR,120736,RUPIAH/KAPITA/BULAN,2007
109,32,JAWA BARAT,3201,KABUPATEN BOGOR,173281,RUPIAH/KAPITA/BULAN,2008
110,32,JAWA BARAT,3202,KABUPATEN SUKABUMI,157804,RUPIAH/KAPITA/BULAN,2008
111,32,JAWA BARAT,3203,KABUPATEN CIANJUR,162645,RUPIAH/KAPITA/BULAN,2008
112,32,JAWA BARAT,3204,KABUPATEN BANDUNG,189998,RUPIAH/KAPITA/BULAN,2008
113,32,JAWA BARAT,3205,KABUPATEN GARUT,154245,RUPIAH/KAPITA/BULAN,2008
114,32,JAWA BARAT,3206,KABUPATEN TASIKMALAYA,137271,RUPIAH/KAPITA/BULAN,2008
115,32,JAWA BARAT,3207,KABUPATEN CIAMIS,163495,RUPIAH/KAPITA/BULAN,2008
116,32,JAWA BARAT,3208,KABUPATEN KUNINGAN,160274,RUPIAH/KAPITA/BULAN,2008
117,32,JAWA BARAT,3209,KABUPATEN CIREBON,199046,RUPIAH/KAPITA/BULAN,2008
118,32,JAWA BARAT,3210,KABUPATEN MAJALENGKA,210526,RUPIAH/KAPITA/BULAN,2008
119,32,JAWA BARAT,3211,KABUPATEN SUMEDANG,186166,RUPIAH/KAPITA/BULAN,2008
120,32,JAWA BARAT,3212,KABUPATEN INDRAMAYU,212616,RUPIAH/KAPITA/BULAN,2008
121,32,JAWA BARAT,3213,KABUPATEN SUBANG,184075,RUPIAH/KAPITA/BULAN,2008
122,32,JAWA BARAT,3214,KABUPATEN PURWAKARTA,173986,RUPIAH/KAPITA/BULAN,2008
123,32,JAWA BARAT,3215,KABUPATEN KARAWANG,187037,RUPIAH/KAPITA/BULAN,2008
124,32,JAWA BARAT,3216,KABUPATEN BEKASI,191737,RUPIAH/KAPITA/BULAN,2008
125,32,JAWA BARAT,3217,KABUPATEN BANDUNG BARAT,167326,RUPIAH/KAPITA/BULAN,2008
126,32,JAWA BARAT,3218,KABUPATEN PANGANDARAN,0,RUPIAH/KAPITA/BULAN,2008
127,32,JAWA BARAT,3271,KOTA BOGOR,223218,RUPIAH/KAPITA/BULAN,2008
128,32,JAWA BARAT,3272,KOTA SUKABUMI,253697,RUPIAH/KAPITA/BULAN,2008
129,32,JAWA BARAT,3273,KOTA BANDUNG,209171,RUPIAH/KAPITA/BULAN,2008
130,32,JAWA BARAT,3274,KOTA CIREBON,202383,RUPIAH/KAPITA/BULAN,2008
131,32,JAWA BARAT,3275,KOTA BEKASI,265446,RUPIAH/KAPITA/BULAN,2008
132,32,JAWA BARAT,3276,KOTA DEPOK,269527,RUPIAH/KAPITA/BULAN,2008
133,32,JAWA BARAT,3277,KOTA CIMAHI,258213,RUPIAH/KAPITA/BULAN,2008
134,32,JAWA BARAT,3278,KOTA TASIKMALAYA,221105,RUPIAH/KAPITA/BULAN,2008
135,32,JAWA BARAT,3279,KOTA BANJAR,162152,RUPIAH/KAPITA/BULAN,2008
136,32,JAWA BARAT,3201,KABUPATEN BOGOR,197319,RUPIAH/KAPITA/BULAN,2009
137,32,JAWA BARAT,3202,KABUPATEN SUKABUMI,174793,RUPIAH/KAPITA/BULAN,2009
138,32,JAWA BARAT,3203,KABUPATEN CIANJUR,192176,RUPIAH/KAPITA/BULAN,2009
139,32,JAWA BARAT,3204,KABUPATEN BANDUNG,203702,RUPIAH/KAPITA/BULAN,2009
140,32,JAWA BARAT,3205,KABUPATEN GARUT,167190,RUPIAH/KAPITA/BULAN,2009
141,32,JAWA BARAT,3206,KABUPATEN TASIKMALAYA,172491,RUPIAH/KAPITA/BULAN,2009
142,32,JAWA BARAT,3207,KABUPATEN CIAMIS,193652,RUPIAH/KAPITA/BULAN,2009
143,32,JAWA BARAT,3208,KABUPATEN KUNINGAN,183795,RUPIAH/KAPITA/BULAN,2009
144,32,JAWA BARAT,3209,KABUPATEN CIREBON,211501,RUPIAH/KAPITA/BULAN,2009
145,32,JAWA BARAT,3210,KABUPATEN MAJALENGKA,241830,RUPIAH/KAPITA/BULAN,2009
146,32,JAWA BARAT,3211,KABUPATEN SUMEDANG,216053,RUPIAH/KAPITA/BULAN,2009
147,32,JAWA BARAT,3212,KABUPATEN INDRAMAYU,242931,RUPIAH/KAPITA/BULAN,2009
148,32,JAWA BARAT,3213,KABUPATEN SUBANG,219956,RUPIAH/KAPITA/BULAN,2009
149,32,JAWA BARAT,3214,KABUPATEN PURWAKARTA,211820,RUPIAH/KAPITA/BULAN,2009
150,32,JAWA BARAT,3215,KABUPATEN KARAWANG,239832,RUPIAH/KAPITA/BULAN,2009
151,32,JAWA BARAT,3216,KABUPATEN BEKASI,244603,RUPIAH/KAPITA/BULAN,2009
152,32,JAWA BARAT,3217,KABUPATEN BANDUNG BARAT,202705,RUPIAH/KAPITA/BULAN,2009
153,32,JAWA BARAT,3218,KABUPATEN PANGANDARAN,0,RUPIAH/KAPITA/BULAN,2009
154,32,JAWA BARAT,3271,KOTA BOGOR,256414,RUPIAH/KAPITA/BULAN,2009
155,32,JAWA BARAT,3272,KOTA SUKABUMI,269925,RUPIAH/KAPITA/BULAN,2009
156,32,JAWA BARAT,3273,KOTA BANDUNG,262093,RUPIAH/KAPITA/BULAN,2009
157,32,JAWA BARAT,3274,KOTA CIREBON,230810,RUPIAH/KAPITA/BULAN,2009
158,32,JAWA BARAT,3275,KOTA BEKASI,299432,RUPIAH/KAPITA/BULAN,2009
159,32,JAWA BARAT,3276,KOTA DEPOK,283218,RUPIAH/KAPITA/BULAN,2009
160,32,JAWA BARAT,3277,KOTA CIMAHI,262440,RUPIAH/KAPITA/BULAN,2009
161,32,JAWA BARAT,3278,KOTA TASIKMALAYA,243897,RUPIAH/KAPITA/BULAN,2009
162,32,JAWA BARAT,3279,KOTA BANJAR,179144,RUPIAH/KAPITA/BULAN,2009
163,32,JAWA BARAT,3201,KABUPATEN BOGOR,214338,RUPIAH/KAPITA/BULAN,2010
164,32,JAWA BARAT,3202,KABUPATEN SUKABUMI,184127,RUPIAH/KAPITA/BULAN,2010
165,32,JAWA BARAT,3203,KABUPATEN CIANJUR,202438,RUPIAH/KAPITA/BULAN,2010
166,32,JAWA BARAT,3204,KABUPATEN BANDUNG,217452,RUPIAH/KAPITA/BULAN,2010
167,32,JAWA BARAT,3205,KABUPATEN GARUT,180406,RUPIAH/KAPITA/BULAN,2010
168,32,JAWA BARAT,3206,KABUPATEN TASIKMALAYA,186126,RUPIAH/KAPITA/BULAN,2010
169,32,JAWA BARAT,3207,KABUPATEN CIAMIS,208960,RUPIAH/KAPITA/BULAN,2010
170,32,JAWA BARAT,3208,KABUPATEN KUNINGAN,200171,RUPIAH/KAPITA/BULAN,2010
171,32,JAWA BARAT,3209,KABUPATEN CIREBON,230346,RUPIAH/KAPITA/BULAN,2010
172,32,JAWA BARAT,3210,KABUPATEN MAJALENGKA,263377,RUPIAH/KAPITA/BULAN,2010
173,32,JAWA BARAT,3211,KABUPATEN SUMEDANG,230637,RUPIAH/KAPITA/BULAN,2010
174,32,JAWA BARAT,3212,KABUPATEN INDRAMAYU,264576,RUPIAH/KAPITA/BULAN,2010
175,32,JAWA BARAT,3213,KABUPATEN SUBANG,234803,RUPIAH/KAPITA/BULAN,2010
176,32,JAWA BARAT,3214,KABUPATEN PURWAKARTA,226118,RUPIAH/KAPITA/BULAN,2010
177,32,JAWA BARAT,3215,KABUPATEN KARAWANG,266597,RUPIAH/KAPITA/BULAN,2010
178,32,JAWA BARAT,3216,KABUPATEN BEKASI,271901,RUPIAH/KAPITA/BULAN,2010
179,32,JAWA BARAT,3217,KABUPATEN BANDUNG BARAT,216388,RUPIAH/KAPITA/BULAN,2010
180,32,JAWA BARAT,3218,KABUPATEN PANGANDARAN,0,RUPIAH/KAPITA/BULAN,2010
181,32,JAWA BARAT,3271,KOTA BOGOR,278530,RUPIAH/KAPITA/BULAN,2010
182,32,JAWA BARAT,3272,KOTA SUKABUMI,284339,RUPIAH/KAPITA/BULAN,2010
183,32,JAWA BARAT,3273,KOTA BANDUNG,279784,RUPIAH/KAPITA/BULAN,2010
184,32,JAWA BARAT,3274,KOTA CIREBON,251375,RUPIAH/KAPITA/BULAN,2010
185,32,JAWA BARAT,3275,KOTA BEKASI,332849,RUPIAH/KAPITA/BULAN,2010
186,32,JAWA BARAT,3276,KOTA DEPOK,310279,RUPIAH/KAPITA/BULAN,2010
187,32,JAWA BARAT,3277,KOTA CIMAHI,280155,RUPIAH/KAPITA/BULAN,2010
188,32,JAWA BARAT,3278,KOTA TASIKMALAYA,263177,RUPIAH/KAPITA/BULAN,2010
189,32,JAWA BARAT,3279,KOTA BANJAR,193305,RUPIAH/KAPITA/BULAN,2010
190,32,JAWA BARAT,3201,KABUPATEN BOGOR,235682,RUPIAH/KAPITA/BULAN,2011
191,32,JAWA BARAT,3202,KABUPATEN SUKABUMI,214191,RUPIAH/KAPITA/BULAN,2011
192,32,JAWA BARAT,3203,KABUPATEN CIANJUR,235202,RUPIAH/KAPITA/BULAN,2011
193,32,JAWA BARAT,3204,KABUPATEN BANDUNG,228092,RUPIAH/KAPITA/BULAN,2011
194,32,JAWA BARAT,3205,KABUPATEN GARUT,202350,RUPIAH/KAPITA/BULAN,2011
195,32,JAWA BARAT,3206,KABUPATEN TASIKMALAYA,209238,RUPIAH/KAPITA/BULAN,2011
196,32,JAWA BARAT,3207,KABUPATEN CIAMIS,233528,RUPIAH/KAPITA/BULAN,2011
197,32,JAWA BARAT,3208,KABUPATEN KUNINGAN,230251,RUPIAH/KAPITA/BULAN,2011
198,32,JAWA BARAT,3209,KABUPATEN CIREBON,262374,RUPIAH/KAPITA/BULAN,2011
199,32,JAWA BARAT,3210,KABUPATEN MAJALENGKA,300741,RUPIAH/KAPITA/BULAN,2011
200,32,JAWA BARAT,3211,KABUPATEN SUMEDANG,239009,RUPIAH/KAPITA/BULAN,2011
201,32,JAWA BARAT,3212,KABUPATEN INDRAMAYU,301788,RUPIAH/KAPITA/BULAN,2011
202,32,JAWA BARAT,3213,KABUPATEN SUBANG,243311,RUPIAH/KAPITA/BULAN,2011
203,32,JAWA BARAT,3214,KABUPATEN PURWAKARTA,236314,RUPIAH/KAPITA/BULAN,2011
204,32,JAWA BARAT,3215,KABUPATEN KARAWANG,288001,RUPIAH/KAPITA/BULAN,2011
205,32,JAWA BARAT,3216,KABUPATEN BEKASI,300013,RUPIAH/KAPITA/BULAN,2011
206,32,JAWA BARAT,3217,KABUPATEN BANDUNG BARAT,227988,RUPIAH/KAPITA/BULAN,2011
207,32,JAWA BARAT,3218,KABUPATEN PANGANDARAN,0,RUPIAH/KAPITA/BULAN,2011
208,32,JAWA BARAT,3271,KOTA BOGOR,305870,RUPIAH/KAPITA/BULAN,2011
209,32,JAWA BARAT,3272,KOTA SUKABUMI,334735,RUPIAH/KAPITA/BULAN,2011
210,32,JAWA BARAT,3273,KOTA BANDUNG,292104,RUPIAH/KAPITA/BULAN,2011
211,32,JAWA BARAT,3274,KOTA CIREBON,284543,RUPIAH/KAPITA/BULAN,2011
212,32,JAWA BARAT,3275,KOTA BEKASI,365721,RUPIAH/KAPITA/BULAN,2011
213,32,JAWA BARAT,3276,KOTA DEPOK,358259,RUPIAH/KAPITA/BULAN,2011
214,32,JAWA BARAT,3277,KOTA CIMAHI,293143,RUPIAH/KAPITA/BULAN,2011
215,32,JAWA BARAT,3278,KOTA TASIKMALAYA,293985,RUPIAH/KAPITA/BULAN,2011
216,32,JAWA BARAT,3279,KOTA BANJAR,219541,RUPIAH/KAPITA/BULAN,2011
217,32,JAWA BARAT,3201,KABUPATEN BOGOR,252542,RUPIAH/KAPITA/BULAN,2012
218,32,JAWA BARAT,3202,KABUPATEN SUKABUMI,227741,RUPIAH/KAPITA/BULAN,2012
219,32,JAWA BARAT,3203,KABUPATEN CIANJUR,250032,RUPIAH/KAPITA/BULAN,2012
220,32,JAWA BARAT,3204,KABUPATEN BANDUNG,241947,RUPIAH/KAPITA/BULAN,2012
221,32,JAWA BARAT,3205,KABUPATEN GARUT,213707,RUPIAH/KAPITA/BULAN,2012
222,32,JAWA BARAT,3206,KABUPATEN TASIKMALAYA,222594,RUPIAH/KAPITA/BULAN,2012
223,32,JAWA BARAT,3207,KABUPATEN CIAMIS,251624,RUPIAH/KAPITA/BULAN,2012
224,32,JAWA BARAT,3208,KABUPATEN KUNINGAN,245476,RUPIAH/KAPITA/BULAN,2012
225,32,JAWA BARAT,3209,KABUPATEN CIREBON,281027,RUPIAH/KAPITA/BULAN,2012
226,32,JAWA BARAT,3210,KABUPATEN MAJALENGKA,326962,RUPIAH/KAPITA/BULAN,2012
227,32,JAWA BARAT,3211,KABUPATEN SUMEDANG,249315,RUPIAH/KAPITA/BULAN,2012
228,32,JAWA BARAT,3212,KABUPATEN INDRAMAYU,325787,RUPIAH/KAPITA/BULAN,2012
229,32,JAWA BARAT,3213,KABUPATEN SUBANG,257543,RUPIAH/KAPITA/BULAN,2012
230,32,JAWA BARAT,3214,KABUPATEN PURWAKARTA,251132,RUPIAH/KAPITA/BULAN,2012
231,32,JAWA BARAT,3215,KABUPATEN KARAWANG,310751,RUPIAH/KAPITA/BULAN,2012
232,32,JAWA BARAT,3216,KABUPATEN BEKASI,328244,RUPIAH/KAPITA/BULAN,2012
233,32,JAWA BARAT,3217,KABUPATEN BANDUNG BARAT,241892,RUPIAH/KAPITA/BULAN,2012
234,32,JAWA BARAT,3218,KABUPATEN PANGANDARAN,0,RUPIAH/KAPITA/BULAN,2012
235,32,JAWA BARAT,3271,KOTA BOGOR,331955,RUPIAH/KAPITA/BULAN,2012
236,32,JAWA BARAT,3272,KOTA SUKABUMI,370633,RUPIAH/KAPITA/BULAN,2012
237,32,JAWA BARAT,3273,KOTA BANDUNG,314721,RUPIAH/KAPITA/BULAN,2012
238,32,JAWA BARAT,3274,KOTA CIREBON,307812,RUPIAH/KAPITA/BULAN,2012
239,32,JAWA BARAT,3275,KOTA BEKASI,403033,RUPIAH/KAPITA/BULAN,2012
240,32,JAWA BARAT,3276,KOTA DEPOK,397687,RUPIAH/KAPITA/BULAN,2012
241,32,JAWA BARAT,3277,KOTA CIMAHI,318871,RUPIAH/KAPITA/BULAN,2012
242,32,JAWA BARAT,3278,KOTA TASIKMALAYA,317037,RUPIAH/KAPITA/BULAN,2012
243,32,JAWA BARAT,3279,KOTA BANJAR,234687,RUPIAH/KAPITA/BULAN,2012
244,32,JAWA BARAT,3201,KABUPATEN BOGOR,271970,RUPIAH/KAPITA/BULAN,2013
245,32,JAWA BARAT,3202,KABUPATEN SUKABUMI,240188,RUPIAH/KAPITA/BULAN,2013
246,32,JAWA BARAT,3203,KABUPATEN CIANJUR,264580,RUPIAH/KAPITA/BULAN,2013
247,32,JAWA BARAT,3204,KABUPATEN BANDUNG,256733,RUPIAH/KAPITA/BULAN,2013
248,32,JAWA BARAT,3205,KABUPATEN GARUT,226308,RUPIAH/KAPITA/BULAN,2013
249,32,JAWA BARAT,3206,KABUPATEN TASIKMALAYA,237114,RUPIAH/KAPITA/BULAN,2013
250,32,JAWA BARAT,3207,KABUPATEN CIAMIS,270515,RUPIAH/KAPITA/BULAN,2013
251,32,JAWA BARAT,3208,KABUPATEN KUNINGAN,261858,RUPIAH/KAPITA/BULAN,2013
252,32,JAWA BARAT,3209,KABUPATEN CIREBON,300990,RUPIAH/KAPITA/BULAN,2013
253,32,JAWA BARAT,3210,KABUPATEN MAJALENGKA,353727,RUPIAH/KAPITA/BULAN,2013
254,32,JAWA BARAT,3211,KABUPATEN SUMEDANG,260160,RUPIAH/KAPITA/BULAN,2013
255,32,JAWA BARAT,3212,KABUPATEN INDRAMAYU,350455,RUPIAH/KAPITA/BULAN,2013
256,32,JAWA BARAT,3213,KABUPATEN SUBANG,272854,RUPIAH/KAPITA/BULAN,2013
257,32,JAWA BARAT,3214,KABUPATEN PURWAKARTA,271270,RUPIAH/KAPITA/BULAN,2013
258,32,JAWA BARAT,3215,KABUPATEN KARAWANG,335273,RUPIAH/KAPITA/BULAN,2013
259,32,JAWA BARAT,3216,KABUPATEN BEKASI,361510,RUPIAH/KAPITA/BULAN,2013
260,32,JAWA BARAT,3217,KABUPATEN BANDUNG BARAT,256789,RUPIAH/KAPITA/BULAN,2013
261,32,JAWA BARAT,3218,KABUPATEN PANGANDARAN,0,RUPIAH/KAPITA/BULAN,2013
262,32,JAWA BARAT,3271,KOTA BOGOR,360518,RUPIAH/KAPITA/BULAN,2013
263,32,JAWA BARAT,3272,KOTA SUKABUMI,380856,RUPIAH/KAPITA/BULAN,2013
264,32,JAWA BARAT,3273,KOTA BANDUNG,340355,RUPIAH/KAPITA/BULAN,2013
265,32,JAWA BARAT,3274,KOTA CIREBON,334439,RUPIAH/KAPITA/BULAN,2013
266,32,JAWA BARAT,3275,KOTA BEKASI,449026,RUPIAH/KAPITA/BULAN,2013
267,32,JAWA BARAT,3276,KOTA DEPOK,443302,RUPIAH/KAPITA/BULAN,2013
268,32,JAWA BARAT,3277,KOTA CIMAHI,347234,RUPIAH/KAPITA/BULAN,2013
269,32,JAWA BARAT,3278,KOTA TASIKMALAYA,337841,RUPIAH/KAPITA/BULAN,2013
270,32,JAWA BARAT,3279,KOTA BANJAR,250311,RUPIAH/KAPITA/BULAN,2013
271,32,JAWA BARAT,3201,KABUPATEN BOGOR,280312,RUPIAH/KAPITA/BULAN,2014
272,32,JAWA BARAT,3202,KABUPATEN SUKABUMI,247800,RUPIAH/KAPITA/BULAN,2014
273,32,JAWA BARAT,3203,KABUPATEN CIANJUR,273506,RUPIAH/KAPITA/BULAN,2014
274,32,JAWA BARAT,3204,KABUPATEN BANDUNG,264129,RUPIAH/KAPITA/BULAN,2014
275,32,JAWA BARAT,3205,KABUPATEN GARUT,234661,RUPIAH/KAPITA/BULAN,2014
276,32,JAWA BARAT,3206,KABUPATEN TASIKMALAYA,246796,RUPIAH/KAPITA/BULAN,2014
277,32,JAWA BARAT,3207,KABUPATEN CIAMIS,283227,RUPIAH/KAPITA/BULAN,2014
278,32,JAWA BARAT,3208,KABUPATEN KUNINGAN,271015,RUPIAH/KAPITA/BULAN,2014
279,32,JAWA BARAT,3209,KABUPATEN CIREBON,312194,RUPIAH/KAPITA/BULAN,2014
280,32,JAWA BARAT,3210,KABUPATEN MAJALENGKA,368900,RUPIAH/KAPITA/BULAN,2014
281,32,JAWA BARAT,3211,KABUPATEN SUMEDANG,265495,RUPIAH/KAPITA/BULAN,2014
282,32,JAWA BARAT,3212,KABUPATEN INDRAMAYU,364360,RUPIAH/KAPITA/BULAN,2014
283,32,JAWA BARAT,3213,KABUPATEN SUBANG,280501,RUPIAH/KAPITA/BULAN,2014
284,32,JAWA BARAT,3214,KABUPATEN PURWAKARTA,281524,RUPIAH/KAPITA/BULAN,2014
285,32,JAWA BARAT,3215,KABUPATEN KARAWANG,344477,RUPIAH/KAPITA/BULAN,2014
286,32,JAWA BARAT,3216,KABUPATEN BEKASI,374255,RUPIAH/KAPITA/BULAN,2014
287,32,JAWA BARAT,3217,KABUPATEN BANDUNG BARAT,264244,RUPIAH/KAPITA/BULAN,2014
288,32,JAWA BARAT,3218,KABUPATEN PANGANDARAN,0,RUPIAH/KAPITA/BULAN,2014
289,32,JAWA BARAT,3271,KOTA BOGOR,372886,RUPIAH/KAPITA/BULAN,2014
290,32,JAWA BARAT,3272,KOTA SUKABUMI,395131,RUPIAH/KAPITA/BULAN,2014
291,32,JAWA BARAT,3273,KOTA BANDUNG,353423,RUPIAH/KAPITA/BULAN,2014
292,32,JAWA BARAT,3274,KOTA CIREBON,349599,RUPIAH/KAPITA/BULAN,2014
293,32,JAWA BARAT,3275,KOTA BEKASI,466851,RUPIAH/KAPITA/BULAN,2014
294,32,JAWA BARAT,3276,KOTA DEPOK,462069,RUPIAH/KAPITA/BULAN,2014
295,32,JAWA BARAT,3277,KOTA CIMAHI,361794,RUPIAH/KAPITA/BULAN,2014
296,32,JAWA BARAT,3278,KOTA TASIKMALAYA,351718,RUPIAH/KAPITA/BULAN,2014
297,32,JAWA BARAT,3279,KOTA BANJAR,260742,RUPIAH/KAPITA/BULAN,2014
298,32,JAWA BARAT,3201,KABUPATEN BOGOR,290874,RUPIAH/KAPITA/BULAN,2015
299,32,JAWA BARAT,3202,KABUPATEN SUKABUMI,260068,RUPIAH/KAPITA/BULAN,2015
300,32,JAWA BARAT,3203,KABUPATEN CIANJUR,287939,RUPIAH/KAPITA/BULAN,2015
301,32,JAWA BARAT,3204,KABUPATEN BANDUNG,275562,RUPIAH/KAPITA/BULAN,2015
302,32,JAWA BARAT,3205,KABUPATEN GARUT,241068,RUPIAH/KAPITA/BULAN,2015
303,32,JAWA BARAT,3206,KABUPATEN TASIKMALAYA,255540,RUPIAH/KAPITA/BULAN,2015
304,32,JAWA BARAT,3207,KABUPATEN CIAMIS,296647,RUPIAH/KAPITA/BULAN,2015
305,32,JAWA BARAT,3208,KABUPATEN KUNINGAN,276154,RUPIAH/KAPITA/BULAN,2015
306,32,JAWA BARAT,3209,KABUPATEN CIREBON,327032,RUPIAH/KAPITA/BULAN,2015
307,32,JAWA BARAT,3210,KABUPATEN MAJALENGKA,379354,RUPIAH/KAPITA/BULAN,2015
308,32,JAWA BARAT,3211,KABUPATEN SUMEDANG,281649,RUPIAH/KAPITA/BULAN,2015
309,32,JAWA BARAT,3212,KABUPATEN INDRAMAYU,379088,RUPIAH/KAPITA/BULAN,2015
310,32,JAWA BARAT,3213,KABUPATEN SUBANG,295174,RUPIAH/KAPITA/BULAN,2015
311,32,JAWA BARAT,3214,KABUPATEN PURWAKARTA,296477,RUPIAH/KAPITA/BULAN,2015
312,32,JAWA BARAT,3215,KABUPATEN KARAWANG,363105,RUPIAH/KAPITA/BULAN,2015
313,32,JAWA BARAT,3216,KABUPATEN BEKASI,394513,RUPIAH/KAPITA/BULAN,2015
314,32,JAWA BARAT,3217,KABUPATEN BANDUNG BARAT,275327,RUPIAH/KAPITA/BULAN,2015
315,32,JAWA BARAT,3218,KABUPATEN PANGANDARAN,303646,RUPIAH/KAPITA/BULAN,2015
316,32,JAWA BARAT,3271,KOTA BOGOR,392405,RUPIAH/KAPITA/BULAN,2015
317,32,JAWA BARAT,3272,KOTA SUKABUMI,421908,RUPIAH/KAPITA/BULAN,2015
318,32,JAWA BARAT,3273,KOTA BANDUNG,376311,RUPIAH/KAPITA/BULAN,2015
319,32,JAWA BARAT,3274,KOTA CIREBON,358654,RUPIAH/KAPITA/BULAN,2015
320,32,JAWA BARAT,3275,KOTA BEKASI,497343,RUPIAH/KAPITA/BULAN,2015
321,32,JAWA BARAT,3276,KOTA DEPOK,496747,RUPIAH/KAPITA/BULAN,2015
322,32,JAWA BARAT,3277,KOTA CIMAHI,386513,RUPIAH/KAPITA/BULAN,2015
323,32,JAWA BARAT,3278,KOTA TASIKMALAYA,367673,RUPIAH/KAPITA/BULAN,2015
324,32,JAWA BARAT,3279,KOTA BANJAR,271017,RUPIAH/KAPITA/BULAN,2015
325,32,JAWA BARAT,3201,KABUPATEN BOGOR,317430,RUPIAH/KAPITA/BULAN,2016
326,32,JAWA BARAT,3202,KABUPATEN SUKABUMI,270055,RUPIAH/KAPITA/BULAN,2016
327,32,JAWA BARAT,3203,KABUPATEN CIANJUR,304255,RUPIAH/KAPITA/BULAN,2016
328,32,JAWA BARAT,3204,KABUPATEN BANDUNG,297483,RUPIAH/KAPITA/BULAN,2016
329,32,JAWA BARAT,3205,KABUPATEN GARUT,256770,RUPIAH/KAPITA/BULAN,2016
330,32,JAWA BARAT,3206,KABUPATEN TASIKMALAYA,274470,RUPIAH/KAPITA/BULAN,2016
331,32,JAWA BARAT,3207,KABUPATEN CIAMIS,319150,RUPIAH/KAPITA/BULAN,2016
332,32,JAWA BARAT,3208,KABUPATEN KUNINGAN,289901,RUPIAH/KAPITA/BULAN,2016
333,32,JAWA BARAT,3209,KABUPATEN CIREBON,333758,RUPIAH/KAPITA/BULAN,2016
334,32,JAWA BARAT,3210,KABUPATEN MAJALENGKA,393071,RUPIAH/KAPITA/BULAN,2016
335,32,JAWA BARAT,3211,KABUPATEN SUMEDANG,295009,RUPIAH/KAPITA/BULAN,2016
336,32,JAWA BARAT,3212,KABUPATEN INDRAMAYU,397196,RUPIAH/KAPITA/BULAN,2016
337,32,JAWA BARAT,3213,KABUPATEN SUBANG,303583,RUPIAH/KAPITA/BULAN,2016
338,32,JAWA BARAT,3214,KABUPATEN PURWAKARTA,312499,RUPIAH/KAPITA/BULAN,2016
339,32,JAWA BARAT,3215,KABUPATEN KARAWANG,386282,RUPIAH/KAPITA/BULAN,2016
340,32,JAWA BARAT,3216,KABUPATEN BEKASI,416058,RUPIAH/KAPITA/BULAN,2016
341,32,JAWA BARAT,3217,KABUPATEN BANDUNG BARAT,294823,RUPIAH/KAPITA/BULAN,2016
342,32,JAWA BARAT,3218,KABUPATEN PANGANDARAN,327399,RUPIAH/KAPITA/BULAN,2016
343,32,JAWA BARAT,3271,KOTA BOGOR,416779,RUPIAH/KAPITA/BULAN,2016
344,32,JAWA BARAT,3272,KOTA SUKABUMI,441948,RUPIAH/KAPITA/BULAN,2016
345,32,JAWA BARAT,3273,KOTA BANDUNG,400541,RUPIAH/KAPITA/BULAN,2016
346,32,JAWA BARAT,3274,KOTA CIREBON,373866,RUPIAH/KAPITA/BULAN,2016
347,32,JAWA BARAT,3275,KOTA BEKASI,521813,RUPIAH/KAPITA/BULAN,2016
348,32,JAWA BARAT,3276,KOTA DEPOK,522934,RUPIAH/KAPITA/BULAN,2016
349,32,JAWA BARAT,3277,KOTA CIMAHI,411665,RUPIAH/KAPITA/BULAN,2016
350,32,JAWA BARAT,3278,KOTA TASIKMALAYA,397215,RUPIAH/KAPITA/BULAN,2016
351,32,JAWA BARAT,3279,KOTA BANJAR,289369,RUPIAH/KAPITA/BULAN,2016
352,32,JAWA BARAT,3201,KABUPATEN BOGOR,337550,RUPIAH/KAPITA/BULAN,2017
353,32,JAWA BARAT,3202,KABUPATEN SUKABUMI,284603,RUPIAH/KAPITA/BULAN,2017
354,32,JAWA BARAT,3203,KABUPATEN CIANJUR,320390,RUPIAH/KAPITA/BULAN,2017
355,32,JAWA BARAT,3204,KABUPATEN BANDUNG,310569,RUPIAH/KAPITA/BULAN,2017
356,32,JAWA BARAT,3205,KABUPATEN GARUT,267252,RUPIAH/KAPITA/BULAN,2017
357,32,JAWA BARAT,3206,KABUPATEN TASIKMALAYA,284462,RUPIAH/KAPITA/BULAN,2017
358,32,JAWA BARAT,3207,KABUPATEN CIAMIS,334038,RUPIAH/KAPITA/BULAN,2017
359,32,JAWA BARAT,3208,KABUPATEN KUNINGAN,302061,RUPIAH/KAPITA/BULAN,2017
360,32,JAWA BARAT,3209,KABUPATEN CIREBON,346240,RUPIAH/KAPITA/BULAN,2017
361,32,JAWA BARAT,3210,KABUPATEN MAJALENGKA,409559,RUPIAH/KAPITA/BULAN,2017
362,32,JAWA BARAT,3211,KABUPATEN SUMEDANG,307394,RUPIAH/KAPITA/BULAN,2017
363,32,JAWA BARAT,3212,KABUPATEN INDRAMAYU,413857,RUPIAH/KAPITA/BULAN,2017
364,32,JAWA BARAT,3213,KABUPATEN SUBANG,316317,RUPIAH/KAPITA/BULAN,2017
365,32,JAWA BARAT,3214,KABUPATEN PURWAKARTA,325607,RUPIAH/KAPITA/BULAN,2017
366,32,JAWA BARAT,3215,KABUPATEN KARAWANG,408579,RUPIAH/KAPITA/BULAN,2017
367,32,JAWA BARAT,3216,KABUPATEN BEKASI,434112,RUPIAH/KAPITA/BULAN,2017
368,32,JAWA BARAT,3217,KABUPATEN BANDUNG BARAT,309304,RUPIAH/KAPITA/BULAN,2017
369,32,JAWA BARAT,3218,KABUPATEN PANGANDARAN,342672,RUPIAH/KAPITA/BULAN,2017
370,32,JAWA BARAT,3271,KOTA BOGOR,450078,RUPIAH/KAPITA/BULAN,2017
371,32,JAWA BARAT,3272,KOTA SUKABUMI,470133,RUPIAH/KAPITA/BULAN,2017
372,32,JAWA BARAT,3273,KOTA BANDUNG,420579,RUPIAH/KAPITA/BULAN,2017
373,32,JAWA BARAT,3274,KOTA CIREBON,392725,RUPIAH/KAPITA/BULAN,2017
374,32,JAWA BARAT,3275,KOTA BEKASI,544534,RUPIAH/KAPITA/BULAN,2017
375,32,JAWA BARAT,3276,KOTA DEPOK,556470,RUPIAH/KAPITA/BULAN,2017
376,32,JAWA BARAT,3277,KOTA CIMAHI,433759,RUPIAH/KAPITA/BULAN,2017
377,32,JAWA BARAT,3278,KOTA TASIKMALAYA,416837,RUPIAH/KAPITA/BULAN,2017
378,32,JAWA BARAT,3279,KOTA BANJAR,305603,RUPIAH/KAPITA/BULAN,2017
379,32,JAWA BARAT,3201,KABUPATEN BOGOR,359787,RUPIAH/KAPITA/BULAN,2018
380,32,JAWA BARAT,3202,KABUPATEN SUKABUMI,302213,RUPIAH/KAPITA/BULAN,2018
381,32,JAWA BARAT,3203,KABUPATEN CIANJUR,340882,RUPIAH/KAPITA/BULAN,2018
382,32,JAWA BARAT,3204,KABUPATEN BANDUNG,334929,RUPIAH/KAPITA/BULAN,2018
383,32,JAWA BARAT,3205,KABUPATEN GARUT,282683,RUPIAH/KAPITA/BULAN,2018
384,32,JAWA BARAT,3206,KABUPATEN TASIKMALAYA,306759,RUPIAH/KAPITA/BULAN,2018
385,32,JAWA BARAT,3207,KABUPATEN CIAMIS,357382,RUPIAH/KAPITA/BULAN,2018
386,32,JAWA BARAT,3208,KABUPATEN KUNINGAN,332483,RUPIAH/KAPITA/BULAN,2018
387,32,JAWA BARAT,3209,KABUPATEN CIREBON,370747,RUPIAH/KAPITA/BULAN,2018
388,32,JAWA BARAT,3210,KABUPATEN MAJALENGKA,440776,RUPIAH/KAPITA/BULAN,2018
389,32,JAWA BARAT,3211,KABUPATEN SUMEDANG,334743,RUPIAH/KAPITA/BULAN,2018
390,32,JAWA BARAT,3212,KABUPATEN INDRAMAYU,447378,RUPIAH/KAPITA/BULAN,2018
391,32,JAWA BARAT,3213,KABUPATEN SUBANG,331557,RUPIAH/KAPITA/BULAN,2018
392,32,JAWA BARAT,3214,KABUPATEN PURWAKARTA,352061,RUPIAH/KAPITA/BULAN,2018
393,32,JAWA BARAT,3215,KABUPATEN KARAWANG,433972,RUPIAH/KAPITA/BULAN,2018
394,32,JAWA BARAT,3216,KABUPATEN BEKASI,463507,RUPIAH/KAPITA/BULAN,2018
395,32,JAWA BARAT,3217,KABUPATEN BANDUNG BARAT,329415,RUPIAH/KAPITA/BULAN,2018
396,32,JAWA BARAT,3218,KABUPATEN PANGANDARAN,360960,RUPIAH/KAPITA/BULAN,2018
397,32,JAWA BARAT,3271,KOTA BOGOR,480749,RUPIAH/KAPITA/BULAN,2018
398,32,JAWA BARAT,3272,KOTA SUKABUMI,497995,RUPIAH/KAPITA/BULAN,2018
399,32,JAWA BARAT,3273,KOTA BANDUNG,448902,RUPIAH/KAPITA/BULAN,2018
400,32,JAWA BARAT,3274,KOTA CIREBON,426738,RUPIAH/KAPITA/BULAN,2018
401,32,JAWA BARAT,3275,KOTA BEKASI,582723,RUPIAH/KAPITA/BULAN,2018
402,32,JAWA BARAT,3276,KOTA DEPOK,615255,RUPIAH/KAPITA/BULAN,2018
403,32,JAWA BARAT,3277,KOTA CIMAHI,462969,RUPIAH/KAPITA/BULAN,2018
404,32,JAWA BARAT,3278,KOTA TASIKMALAYA,447008,RUPIAH/KAPITA/BULAN,2018
405,32,JAWA BARAT,3279,KOTA BANJAR,324958,RUPIAH/KAPITA/BULAN,2018
406,32,JAWA BARAT,3201,KABUPATEN BOGOR,373799,RUPIAH/KAPITA/BULAN,2019
407,32,JAWA BARAT,3202,KABUPATEN SUKABUMI,309676,RUPIAH/KAPITA/BULAN,2019
408,32,JAWA BARAT,3203,KABUPATEN CIANJUR,350760,RUPIAH/KAPITA/BULAN,2019
409,32,JAWA BARAT,3204,KABUPATEN BANDUNG,345177,RUPIAH/KAPITA/BULAN,2019
410,32,JAWA BARAT,3205,KABUPATEN GARUT,301202,RUPIAH/KAPITA/BULAN,2019
411,32,JAWA BARAT,3206,KABUPATEN TASIKMALAYA,311848,RUPIAH/KAPITA/BULAN,2019
412,32,JAWA BARAT,3207,KABUPATEN CIAMIS,363750,RUPIAH/KAPITA/BULAN,2019
413,32,JAWA BARAT,3208,KABUPATEN KUNINGAN,340775,RUPIAH/KAPITA/BULAN,2019
414,32,JAWA BARAT,3209,KABUPATEN CIREBON,381372,RUPIAH/KAPITA/BULAN,2019
415,32,JAWA BARAT,3210,KABUPATEN MAJALENGKA,445184,RUPIAH/KAPITA/BULAN,2019
416,32,JAWA BARAT,3211,KABUPATEN SUMEDANG,342073,RUPIAH/KAPITA/BULAN,2019
417,32,JAWA BARAT,3212,KABUPATEN INDRAMAYU,458240,RUPIAH/KAPITA/BULAN,2019
418,32,JAWA BARAT,3213,KABUPATEN SUBANG,339607,RUPIAH/KAPITA/BULAN,2019
419,32,JAWA BARAT,3214,KABUPATEN PURWAKARTA,367273,RUPIAH/KAPITA/BULAN,2019
420,32,JAWA BARAT,3215,KABUPATEN KARAWANG,440347,RUPIAH/KAPITA/BULAN,2019
421,32,JAWA BARAT,3216,KABUPATEN BEKASI,481732,RUPIAH/KAPITA/BULAN,2019
422,32,JAWA BARAT,3217,KABUPATEN BANDUNG BARAT,341307,RUPIAH/KAPITA/BULAN,2019
423,32,JAWA BARAT,3218,KABUPATEN PANGANDARAN,367748,RUPIAH/KAPITA/BULAN,2019
424,32,JAWA BARAT,3271,KOTA BOGOR,513343,RUPIAH/KAPITA/BULAN,2019
425,32,JAWA BARAT,3272,KOTA SUKABUMI,520742,RUPIAH/KAPITA/BULAN,2019
426,32,JAWA BARAT,3273,KOTA BANDUNG,474448,RUPIAH/KAPITA/BULAN,2019
427,32,JAWA BARAT,3274,KOTA CIREBON,444574,RUPIAH/KAPITA/BULAN,2019
428,32,JAWA BARAT,3275,KOTA BEKASI,617718,RUPIAH/KAPITA/BULAN,2019
429,32,JAWA BARAT,3276,KOTA DEPOK,644860,RUPIAH/KAPITA/BULAN,2019
430,32,JAWA BARAT,3277,KOTA CIMAHI,484804,RUPIAH/KAPITA/BULAN,2019
431,32,JAWA BARAT,3278,KOTA TASIKMALAYA,457899,RUPIAH/KAPITA/BULAN,2019
432,32,JAWA BARAT,3279,KOTA BANJAR,334590,RUPIAH/KAPITA/BULAN,2019
433,32,JAWA BARAT,3201,KABUPATEN BOGOR,402877,RUPIAH/KAPITA/BULAN,2020
434,32,JAWA BARAT,3202,KABUPATEN SUKABUMI,328284,RUPIAH/KAPITA/BULAN,2020
435,32,JAWA BARAT,3203,KABUPATEN CIANJUR,371699,RUPIAH/KAPITA/BULAN,2020
436,32,JAWA BARAT,3204,KABUPATEN BANDUNG,367403,RUPIAH/KAPITA/BULAN,2020
437,32,JAWA BARAT,3205,KABUPATEN GARUT,310437,RUPIAH/KAPITA/BULAN,2020
438,32,JAWA BARAT,3206,KABUPATEN TASIKMALAYA,323880,RUPIAH/KAPITA/BULAN,2020
439,32,JAWA BARAT,3207,KABUPATEN CIAMIS,378108,RUPIAH/KAPITA/BULAN,2020
440,32,JAWA BARAT,3208,KABUPATEN KUNINGAN,352358,RUPIAH/KAPITA/BULAN,2020
441,32,JAWA BARAT,3209,KABUPATEN CIREBON,393452,RUPIAH/KAPITA/BULAN,2020
442,32,JAWA BARAT,3210,KABUPATEN MAJALENGKA,453201,RUPIAH/KAPITA/BULAN,2020
443,32,JAWA BARAT,3211,KABUPATEN SUMEDANG,353092,RUPIAH/KAPITA/BULAN,2020
444,32,JAWA BARAT,3212,KABUPATEN INDRAMAYU,474807,RUPIAH/KAPITA/BULAN,2020
445,32,JAWA BARAT,3213,KABUPATEN SUBANG,351885,RUPIAH/KAPITA/BULAN,2020
446,32,JAWA BARAT,3214,KABUPATEN PURWAKARTA,378287,RUPIAH/KAPITA/BULAN,2020
447,32,JAWA BARAT,3215,KABUPATEN KARAWANG,466152,RUPIAH/KAPITA/BULAN,2020
448,32,JAWA BARAT,3216,KABUPATEN BEKASI,518667,RUPIAH/KAPITA/BULAN,2020
449,32,JAWA BARAT,3217,KABUPATEN BANDUNG BARAT,362212,RUPIAH/KAPITA/BULAN,2020
450,32,JAWA BARAT,3218,KABUPATEN PANGANDARAN,382264,RUPIAH/KAPITA/BULAN,2020
451,32,JAWA BARAT,3271,KOTA BOGOR,547399,RUPIAH/KAPITA/BULAN,2020
452,32,JAWA BARAT,3272,KOTA SUKABUMI,547415,RUPIAH/KAPITA/BULAN,2020
453,32,JAWA BARAT,3273,KOTA BANDUNG,500452,RUPIAH/KAPITA/BULAN,2020
454,32,JAWA BARAT,3274,KOTA CIREBON,457954,RUPIAH/KAPITA/BULAN,2020
455,32,JAWA BARAT,3275,KOTA BEKASI,657953,RUPIAH/KAPITA/BULAN,2020
456,32,JAWA BARAT,3276,KOTA DEPOK,688194,RUPIAH/KAPITA/BULAN,2020
457,32,JAWA BARAT,3277,KOTA CIMAHI,511375,RUPIAH/KAPITA/BULAN,2020
458,32,JAWA BARAT,3278,KOTA TASIKMALAYA,470150,RUPIAH/KAPITA/BULAN,2020
459,32,JAWA BARAT,3279,KOTA BANJAR,344363,RUPIAH/KAPITA/BULAN,2020
460,32,JAWA BARAT,3201,KABUPATEN BOGOR,418483,RUPIAH/KAPITA/BULAN,2021
461,32,JAWA BARAT,3202,KABUPATEN SUKABUMI,342094,RUPIAH/KAPITA/BULAN,2021
462,32,JAWA BARAT,3203,KABUPATEN CIANJUR,387631,RUPIAH/KAPITA/BULAN,2021
463,32,JAWA BARAT,3204,KABUPATEN BANDUNG,378819,RUPIAH/KAPITA/BULAN,2021
464,32,JAWA BARAT,3205,KABUPATEN GARUT,320050,RUPIAH/KAPITA/BULAN,2021
465,32,JAWA BARAT,3206,KABUPATEN TASIKMALAYA,333909,RUPIAH/KAPITA/BULAN,2021
466,32,JAWA BARAT,3207,KABUPATEN CIAMIS,389676,RUPIAH/KAPITA/BULAN,2021
467,32,JAWA BARAT,3208,KABUPATEN KUNINGAN,358069,RUPIAH/KAPITA/BULAN,2021
468,32,JAWA BARAT,3209,KABUPATEN CIREBON,404635,RUPIAH/KAPITA/BULAN,2021
469,32,JAWA BARAT,3210,KABUPATEN MAJALENGKA,466813,RUPIAH/KAPITA/BULAN,2021
470,32,JAWA BARAT,3211,KABUPATEN SUMEDANG,360054,RUPIAH/KAPITA/BULAN,2021
471,32,JAWA BARAT,3212,KABUPATEN INDRAMAYU,481754,RUPIAH/KAPITA/BULAN,2021
472,32,JAWA BARAT,3213,KABUPATEN SUBANG,360691,RUPIAH/KAPITA/BULAN,2021
473,32,JAWA BARAT,3214,KABUPATEN PURWAKARTA,387754,RUPIAH/KAPITA/BULAN,2021
474,32,JAWA BARAT,3215,KABUPATEN KARAWANG,494201,RUPIAH/KAPITA/BULAN,2021
475,32,JAWA BARAT,3216,KABUPATEN BEKASI,549875,RUPIAH/KAPITA/BULAN,2021
476,32,JAWA BARAT,3217,KABUPATEN BANDUNG BARAT,374470,RUPIAH/KAPITA/BULAN,2021
477,32,JAWA BARAT,3218,KABUPATEN PANGANDARAN,394101,RUPIAH/KAPITA/BULAN,2021
478,32,JAWA BARAT,3271,KOTA BOGOR,571425,RUPIAH/KAPITA/BULAN,2021
479,32,JAWA BARAT,3272,KOTA SUKABUMI,567734,RUPIAH/KAPITA/BULAN,2021
480,32,JAWA BARAT,3273,KOTA BANDUNG,515396,RUPIAH/KAPITA/BULAN,2021
481,32,JAWA BARAT,3274,KOTA CIREBON,467248,RUPIAH/KAPITA/BULAN,2021
482,32,JAWA BARAT,3275,KOTA BEKASI,692885,RUPIAH/KAPITA/BULAN,2021
483,32,JAWA BARAT,3276,KOTA DEPOK,705084,RUPIAH/KAPITA/BULAN,2021
484,32,JAWA BARAT,3277,KOTA CIMAHI,522281,RUPIAH/KAPITA/BULAN,2021
485,32,JAWA BARAT,3278,KOTA TASIKMALAYA,480341,RUPIAH/KAPITA/BULAN,2021
486,32,JAWA BARAT,3279,KOTA BANJAR,357210,RUPIAH/KAPITA/BULAN,2021
487,32,JAWA BARAT,3201,KABUPATEN BOGOR,443787,RUPIAH/KAPITA/BULAN,2022
488,32,JAWA BARAT,3202,KABUPATEN SUKABUMI,357636,RUPIAH/KAPITA/BULAN,2022
489,32,JAWA BARAT,3203,KABUPATEN CIANJUR,406829,RUPIAH/KAPITA/BULAN,2022
490,32,JAWA BARAT,3204,KABUPATEN BANDUNG,398884,RUPIAH/KAPITA/BULAN,2022
491,32,JAWA BARAT,3205,KABUPATEN GARUT,335134,RUPIAH/KAPITA/BULAN,2022
492,32,JAWA BARAT,3206,KABUPATEN TASIKMALAYA,347917,RUPIAH/KAPITA/BULAN,2022
493,32,JAWA BARAT,3207,KABUPATEN CIAMIS,405294,RUPIAH/KAPITA/BULAN,2022
494,32,JAWA BARAT,3208,KABUPATEN KUNINGAN,371665,RUPIAH/KAPITA/BULAN,2022
495,32,JAWA BARAT,3209,KABUPATEN CIREBON,416914,RUPIAH/KAPITA/BULAN,2022
496,32,JAWA BARAT,3210,KABUPATEN MAJALENGKA,483319,RUPIAH/KAPITA/BULAN,2022
497,32,JAWA BARAT,3211,KABUPATEN SUMEDANG,371870,RUPIAH/KAPITA/BULAN,2022
498,32,JAWA BARAT,3212,KABUPATEN INDRAMAYU,499805,RUPIAH/KAPITA/BULAN,2022
499,32,JAWA BARAT,3213,KABUPATEN SUBANG,372308,RUPIAH/KAPITA/BULAN,2022
500,32,JAWA BARAT,3214,KABUPATEN PURWAKARTA,403663,RUPIAH/KAPITA/BULAN,2022
501,32,JAWA BARAT,3215,KABUPATEN KARAWANG,521158,RUPIAH/KAPITA/BULAN,2022
502,32,JAWA BARAT,3216,KABUPATEN BEKASI,579221,RUPIAH/KAPITA/BULAN,2022
503,32,JAWA BARAT,3217,KABUPATEN BANDUNG BARAT,393956,RUPIAH/KAPITA/BULAN,2022
504,32,JAWA BARAT,3218,KABUPATEN PANGANDARAN,411174,RUPIAH/KAPITA/BULAN,2022
505,32,JAWA BARAT,3271,KOTA BOGOR,608949,RUPIAH/KAPITA/BULAN,2022
506,32,JAWA BARAT,3272,KOTA SUKABUMI,594118,RUPIAH/KAPITA/BULAN,2022
507,32,JAWA BARAT,3273,KOTA BANDUNG,545675,RUPIAH/KAPITA/BULAN,2022
508,32,JAWA BARAT,3274,KOTA CIREBON,485613,RUPIAH/KAPITA/BULAN,2022
509,32,JAWA BARAT,3275,KOTA BEKASI,731392,RUPIAH/KAPITA/BULAN,2022
510,32,JAWA BARAT,3276,KOTA DEPOK,744771,RUPIAH/KAPITA/BULAN,2022
511,32,JAWA BARAT,3277,KOTA CIMAHI,549450,RUPIAH/KAPITA/BULAN,2022
512,32,JAWA BARAT,3278,KOTA TASIKMALAYA,498711,RUPIAH/KAPITA/BULAN,2022
513,32,JAWA BARAT,3279,KOTA BANJAR,373510,RUPIAH/KAPITA/BULAN,2022
514,32,JAWA BARAT,3201,KABUPATEN BOGOR,482174,RUPIAH/KAPITA/BULAN,2023
515,32,JAWA BARAT,3202,KABUPATEN SUKABUMI,392705,RUPIAH/KAPITA/BULAN,2023
516,32,JAWA BARAT,3203,KABUPATEN CIANJUR,437327,RUPIAH/KAPITA/BULAN,2023
517,32,JAWA BARAT,3204,KABUPATEN BANDUNG,426069,RUPIAH/KAPITA/BULAN,2023
518,32,JAWA BARAT,3205,KABUPATEN GARUT,367681,RUPIAH/KAPITA/BULAN,2023
519,32,JAWA BARAT,3206,KABUPATEN TASIKMALAYA,378958,RUPIAH/KAPITA/BULAN,2023
520,32,JAWA BARAT,3207,KABUPATEN CIAMIS,442108,RUPIAH/KAPITA/BULAN,2023
521,32,JAWA BARAT,3208,KABUPATEN KUNINGAN,402767,RUPIAH/KAPITA/BULAN,2023
522,32,JAWA BARAT,3209,KABUPATEN CIREBON,451853,RUPIAH/KAPITA/BULAN,2023
523,32,JAWA BARAT,3210,KABUPATEN MAJALENGKA,520713,RUPIAH/KAPITA/BULAN,2023
524,32,JAWA BARAT,3211,KABUPATEN SUMEDANG,396573,RUPIAH/KAPITA/BULAN,2023
525,32,JAWA BARAT,3212,KABUPATEN INDRAMAYU,532545,RUPIAH/KAPITA/BULAN,2023
526,32,JAWA BARAT,3213,KABUPATEN SUBANG,404320,RUPIAH/KAPITA/BULAN,2023
527,32,JAWA BARAT,3214,KABUPATEN PURWAKARTA,434187,RUPIAH/KAPITA/BULAN,2023
528,32,JAWA BARAT,3215,KABUPATEN KARAWANG,555889,RUPIAH/KAPITA/BULAN,2023
529,32,JAWA BARAT,3216,KABUPATEN BEKASI,632811,RUPIAH/KAPITA/BULAN,2023
530,32,JAWA BARAT,3217,KABUPATEN BANDUNG BARAT,426355,RUPIAH/KAPITA/BULAN,2023
531,32,JAWA BARAT,3218,KABUPATEN PANGANDARAN,447242,RUPIAH/KAPITA/BULAN,2023
532,32,JAWA BARAT,3271,KOTA BOGOR,661384,RUPIAH/KAPITA/BULAN,2023
533,32,JAWA BARAT,3272,KOTA SUKABUMI,644276,RUPIAH/KAPITA/BULAN,2023
534,32,JAWA BARAT,3273,KOTA BANDUNG,591124,RUPIAH/KAPITA/BULAN,2023
535,32,JAWA BARAT,3274,KOTA CIREBON,520579,RUPIAH/KAPITA/BULAN,2023
536,32,JAWA BARAT,3275,KOTA BEKASI,795965,RUPIAH/KAPITA/BULAN,2023
537,32,JAWA BARAT,3276,KOTA DEPOK,804984,RUPIAH/KAPITA/BULAN,2023
538,32,JAWA BARAT,3277,KOTA CIMAHI,590197,RUPIAH/KAPITA/BULAN,2023
539,32,JAWA BARAT,3278,KOTA TASIKMALAYA,537497,RUPIAH/KAPITA/BULAN,2023
540,32,JAWA BARAT,3279,KOTA BANJAR,408710,RUPIAH/KAPITA/BULAN,2023
541,32,JAWA BARAT,3201,KABUPATEN BOGOR,513512,RUPIAH/KAPITA/BULAN,2024
542,32,JAWA BARAT,3202,KABUPATEN SUKABUMI,416751,RUPIAH/KAPITA/BULAN,2024
543,32,JAWA BARAT,3203,KABUPATEN CIANJUR,466509,RUPIAH/KAPITA/BULAN,2024
544,32,JAWA BARAT,3204,KABUPATEN BANDUNG,455636,RUPIAH/KAPITA/BULAN,2024
545,32,JAWA BARAT,3205,KABUPATEN GARUT,393464,RUPIAH/KAPITA/BULAN,2024
546,32,JAWA BARAT,3206,KABUPATEN TASIKMALAYA,400148,RUPIAH/KAPITA/BULAN,2024
547,32,JAWA BARAT,3207,KABUPATEN CIAMIS,467497,RUPIAH/KAPITA/BULAN,2024
548,32,JAWA BARAT,3208,KABUPATEN KUNINGAN,420867,RUPIAH/KAPITA/BULAN,2024
549,32,JAWA BARAT,3209,KABUPATEN CIREBON,475046,RUPIAH/KAPITA/BULAN,2024
550,32,JAWA BARAT,3210,KABUPATEN MAJALENGKA,547912,RUPIAH/KAPITA/BULAN,2024
551,32,JAWA BARAT,3211,KABUPATEN SUMEDANG,422714,RUPIAH/KAPITA/BULAN,2024
552,32,JAWA BARAT,3212,KABUPATEN INDRAMAYU,560159,RUPIAH/KAPITA/BULAN,2024
553,32,JAWA BARAT,3213,KABUPATEN SUBANG,434161,RUPIAH/KAPITA/BULAN,2024
554,32,JAWA BARAT,3214,KABUPATEN PURWAKARTA,467948,RUPIAH/KAPITA/BULAN,2024
555,32,JAWA BARAT,3215,KABUPATEN KARAWANG,597345,RUPIAH/KAPITA/BULAN,2024
556,32,JAWA BARAT,3216,KABUPATEN BEKASI,674924,RUPIAH/KAPITA/BULAN,2024
557,32,JAWA BARAT,3217,KABUPATEN BANDUNG BARAT,455325,RUPIAH/KAPITA/BULAN,2024
558,32,JAWA BARAT,3218,KABUPATEN PANGANDARAN,470068,RUPIAH/KAPITA/BULAN,2024
559,32,JAWA BARAT,3271,KOTA BOGOR,699861,RUPIAH/KAPITA/BULAN,2024
560,32,JAWA BARAT,3272,KOTA SUKABUMI,678258,RUPIAH/KAPITA/BULAN,2024
561,32,JAWA BARAT,3273,KOTA BANDUNG,614707,RUPIAH/KAPITA/BULAN,2024
562,32,JAWA BARAT,3274,KOTA CIREBON,545592,RUPIAH/KAPITA/BULAN,2024
563,32,JAWA BARAT,3275,KOTA BEKASI,842927,RUPIAH/KAPITA/BULAN,2024
564,32,JAWA BARAT,3276,KOTA DEPOK,843893,RUPIAH/KAPITA/BULAN,2024
565,32,JAWA BARAT,3277,KOTA CIMAHI,612567,RUPIAH/KAPITA/BULAN,2024
566,32,JAWA BARAT,3278,KOTA TASIKMALAYA,565377,RUPIAH/KAPITA/BULAN,2024
567,32,JAWA BARAT,3279,KOTA BANJAR,430590,RUPIAH/KAPITA/BULAN,2024
568,32,JAWA BARAT,3201,KABUPATEN BOGOR,531412,RUPIAH/KAPITA/BULAN,2025
569,32,JAWA BARAT,3202,KABUPATEN SUKABUMI,431785,RUPIAH/KAPITA/BULAN,2025
570,32,JAWA BARAT,3203,KABUPATEN CIANJUR,482562,RUPIAH/KAPITA/BULAN,2025
571,32,JAWA BARAT,3204,KABUPATEN BANDUNG,468974,RUPIAH/KAPITA/BULAN,2025
572,32,JAWA BARAT,3205,KABUPATEN GARUT,407191,RUPIAH/KAPITA/BULAN,2025
573,32,JAWA BARAT,3206,KABUPATEN TASIKMALAYA,413178,RUPIAH/KAPITA/BULAN,2025
574,32,JAWA BARAT,3207,KABUPATEN CIAMIS,483644,RUPIAH/KAPITA/BULAN,2025
575,32,JAWA BARAT,3208,KABUPATEN KUNINGAN,435184,RUPIAH/KAPITA/BULAN,2025
576,32,JAWA BARAT,3209,KABUPATEN CIREBON,491604,RUPIAH/KAPITA/BULAN,2025
577,32,JAWA BARAT,3210,KABUPATEN MAJALENGKA,566574,RUPIAH/KAPITA/BULAN,2025
578,32,JAWA BARAT,3211,KABUPATEN SUMEDANG,436490,RUPIAH/KAPITA/BULAN,2025
579,32,JAWA BARAT,3212,KABUPATEN INDRAMAYU,578169,RUPIAH/KAPITA/BULAN,2025
580,32,JAWA BARAT,3213,KABUPATEN SUBANG,449186,RUPIAH/KAPITA/BULAN,2025
581,32,JAWA BARAT,3214,KABUPATEN PURWAKARTA,483968,RUPIAH/KAPITA/BULAN,2025
582,32,JAWA BARAT,3215,KABUPATEN KARAWANG,617901,RUPIAH/KAPITA/BULAN,2025
583,32,JAWA BARAT,3216,KABUPATEN BEKASI,698154,RUPIAH/KAPITA/BULAN,2025
584,32,JAWA BARAT,3217,KABUPATEN BANDUNG BARAT,471101,RUPIAH/KAPITA/BULAN,2025
585,32,JAWA BARAT,3218,KABUPATEN PANGANDARAN,486285,RUPIAH/KAPITA/BULAN,2025
586,32,JAWA BARAT,3271,KOTA BOGOR,730079,RUPIAH/KAPITA/BULAN,2025
587,32,JAWA BARAT,3272,KOTA SUKABUMI,706415,RUPIAH/KAPITA/BULAN,2025
588,32,JAWA BARAT,3273,KOTA BANDUNG,644417,RUPIAH/KAPITA/BULAN,2025
589,32,JAWA BARAT,3274,KOTA CIREBON,571809,RUPIAH/KAPITA/BULAN,2025
590,32,JAWA BARAT,3275,KOTA BEKASI,864601,RUPIAH/KAPITA/BULAN,2025
591,32,JAWA BARAT,3276,KOTA DEPOK,884633,RUPIAH/KAPITA/BULAN,2025
592,32,JAWA BARAT,3277,KOTA CIMAHI,642016,RUPIAH/KAPITA/BULAN,2025
593,32,JAWA BARAT,3278,KOTA TASIKMALAYA,591600,RUPIAH/KAPITA/BULAN,2025
594,32,JAWA BARAT,3279,KOTA BANJAR,451277,RUPIAH/KAPITA/BULAN,2025
